Date,Adj Close,Close,High,Low,Open,Volume
2023-01-20,16.228721618652344,16.6299991607666,16.6299991607666,16.6299991607666,16.6299991607666,51435
2023-01-23,17.848669052124023,18.290000915527344,18.290000915527344,18.290000915527344,18.290000915527344,346362
2023-01-24,19.614992141723633,20.100000381469727,20.100000381469727,20.100000381469727,20.100000381469727,10248072
2023-01-25,21.566734313964844,22.100000381469727,22.100000381469727,22.100000381469727,22.100000381469727,575737
2023-01-26,23.713645935058594,24.299999237060547,24.299999237060547,24.299999237060547,24.299999237060547,911808
2023-01-27,26.075252532958984,26.719999313354492,26.719999313354492,26.700000762939453,26.719999313354492,77049827
2023-01-30,28.67106819152832,29.3799991607666,29.3799991607666,29.0,29.3799991607666,86229033
2023-01-31,26.524154663085938,27.18000030517578,30.979999542236328,26.459999084472656,29.280000686645508,293572411
2023-02-01,25.509246826171875,26.139999389648438,28.440000534057617,25.559999465942383,27.5,90689993
2023-02-02,24.02592658996582,24.6200008392334,26.940000534057617,23.559999465942383,26.440000534057617,86899166
2023-02-03,25.997182846069336,26.639999389648438,27.079999923706055,23.719999313354492,24.84000015258789,82751478
2023-02-06,26.582704544067383,27.239999771118164,27.5,24.520000457763672,25.799999237060547,14983162
2023-02-07,23.9283390045166,24.520000457763672,26.799999237060547,24.520000457763672,26.299999237060547,29850770
2023-02-08,23.9283390045166,24.520000457763672,24.520000457763672,24.520000457763672,24.520000457763672,0
2023-02-15,26.30946159362793,26.959999084472656,26.959999084472656,23.579999923706055,24.5,41536328
2023-02-16,24.494342803955078,25.100000381469727,28.860000610351562,24.700000762939453,27.899999618530273,54697715
2023-02-17,25.00179672241211,25.6200008392334,26.239999771118164,23.899999618530273,24.860000610351562,47131119
2023-02-20,27.500022888183594,28.18000030517578,28.18000030517578,25.260000228881836,25.760000228881836,54639945
2023-02-21,28.202648162841797,28.899999618530273,30.700000762939453,27.700000762939453,28.420000076293945,67116450
2023-02-22,30.310529708862305,31.059999465942383,31.559999465942383,27.8799991607666,28.920000076293945,57585796
2023-02-23,33.33572769165039,34.15999984741211,34.15999984741211,30.600000381469727,31.020000457763672,50003784
2023-02-24,35.52167892456055,36.400001525878906,37.47999954223633,34.31999969482422,35.08000183105469,104956826
2023-02-27,36.22430419921875,37.119998931884766,39.58000183105469,35.560001373291016,36.380001068115234,108310500
2023-02-28,38.31266403198242,39.2599983215332,39.720001220703125,36.119998931884766,36.97999954223633,78130437
2023-03-01,40.49861526489258,41.5,41.58000183105469,40.2400016784668,40.380001068115234,52992085
2023-03-02,38.78108596801758,39.7400016784668,43.29999923706055,39.0,43.0,81326659
2023-03-03,39.32756805419922,40.29999923706055,40.84000015258789,38.02000045776367,39.540000915527344,62599032
2023-03-06,43.250572204589844,44.31999969482422,44.31999969482422,40.84000015258789,41.18000030517578,52363077
2023-03-07,47.56391525268555,48.7400016784668,48.7400016784668,45.86000061035156,46.20000076293945,120064894
2023-03-08,44.98761749267578,46.099998474121094,52.25,46.099998474121094,48.70000076293945,128277181
2023-03-09,47.81764221191406,49.0,49.0,44.599998474121094,46.08000183105469,100600413
2023-03-10,50.9404296875,52.20000076293945,53.150001525878906,49.20000076293945,50.0,107711052
2023-03-13,52.453025817871094,53.75,54.54999923706055,51.20000076293945,52.599998474121094,97474699
2023-03-14,51.47715759277344,52.75,55.849998474121094,51.29999923706055,54.0,91607421
2023-03-15,52.355438232421875,53.650001525878906,54.599998474121094,52.0,53.04999923706055,69679428
2023-03-16,57.57634353637695,59.0,59.0,54.0,54.54999923706055,93337293
2023-03-17,63.333980560302734,64.9000015258789,64.9000015258789,60.20000076293945,61.0,100525436
2023-03-20,57.03961944580078,58.45000076293945,66.4000015258789,58.45000076293945,65.5,140659291
2023-03-21,61.479827880859375,63.0,64.0999984741211,54.349998474121094,57.150001525878906,156850467
2023-03-22,59.0401496887207,60.5,67.5,60.5,64.0,106719130
2023-03-23,60.84550857543945,62.349998474121094,64.0999984741211,58.79999923706055,61.25,106492796
2023-03-24,62.35811233520508,63.900001525878906,65.0999984741211,61.75,63.25,104193340
2023-03-27,59.23532485961914,60.70000076293945,64.75,60.70000076293945,64.5,66775494
2023-03-28,53.33131408691406,54.650001525878906,60.849998474121094,54.650001525878906,60.650001525878906,78346266
2023-03-29,52.55061340332031,53.849998474121094,57.25,49.20000076293945,51.95000076293945,136395580
2023-03-30,52.306644439697266,53.599998474121094,56.29999923706055,52.29999923706055,53.849998474121094,55073359
2023-03-31,51.57474136352539,52.849998474121094,53.900001525878906,49.5,53.0,57584777
2023-04-03,48.07136917114258,49.2599983215332,52.5,49.2599983215332,52.0,39792835
2023-04-04,52.355438232421875,53.650001525878906,53.75,45.5,49.2400016784668,81802468
2023-04-05,55.624603271484375,57.0,58.25,52.45000076293945,53.70000076293945,70481938
2023-04-06,57.332374572753906,58.75,59.900001525878906,56.099998474121094,57.0,51553907
2023-04-07,55.331844329833984,56.70000076293945,59.150001525878906,56.150001525878906,58.0,38095698
2023-04-10,55.380638122558594,56.75,59.25,55.5,56.349998474121094,34792454
2023-04-11,53.52648162841797,54.849998474121094,57.70000076293945,54.25,56.849998474121094,40707661
2023-04-12,52.696990966796875,54.0,56.650001525878906,53.54999923706055,54.900001525878906,28356103
2023-04-13,52.55061340332031,53.849998474121094,55.29999923706055,52.29999923706055,54.79999923706055,27295210
2023-04-14,52.98975372314453,54.29999923706055,55.29999923706055,53.400001525878906,54.0,26736463
2023-04-17,51.330772399902344,52.599998474121094,55.099998474121094,52.5,54.75,18379924
2023-04-18,51.37957000732422,52.650001525878906,54.099998474121094,50.04999923706055,52.599998474121094,33645400
2023-04-19,50.35490417480469,51.599998474121094,53.150001525878906,51.400001525878906,52.70000076293945,14441079
2023-04-20,50.501285552978516,51.75,52.75,51.400001525878906,52.599998474121094,8475314
2023-04-24,49.96455764770508,51.20000076293945,52.70000076293945,50.650001525878906,52.0,18106376
2023-04-25,47.73957061767578,48.91999816894531,51.099998474121094,48.70000076293945,51.0,19725577
2023-04-26,47.81764221191406,49.0,51.599998474121094,47.15999984741211,49.040000915527344,48664565
2023-04-27,49.76938247680664,51.0,51.099998474121094,48.560001373291016,49.099998474121094,30195687
2023-04-28,48.42267990112305,49.619998931884766,51.349998474121094,48.5,51.0,17069030
2023-05-02,45.038421630859375,45.65999984741211,49.619998931884766,45.29999923706055,49.619998931884766,21588396
2023-05-03,40.540496826171875,41.099998474121094,45.63999938964844,41.099998474121094,45.400001525878906,39272318
2023-05-04,44.58468246459961,45.20000076293945,45.20000076293945,40.119998931884766,41.0,36180912
2023-05-05,43.9139404296875,44.52000045776367,48.380001068115234,42.119998931884766,45.20000076293945,68188554
2023-05-08,43.40101623535156,44.0,45.91999816894531,43.0,44.52000045776367,26515821
2023-05-09,40.99423599243164,41.560001373291016,44.720001220703125,41.400001525878906,44.0,19250056
2023-05-10,40.30376434326172,40.86000061035156,42.939998626708984,40.20000076293945,41.58000183105469,28708020
2023-05-11,42.76972961425781,43.36000061035156,44.380001068115234,40.939998626708984,41.5,41175025
2023-05-12,41.70443344116211,42.279998779296875,44.31999969482422,41.81999969482422,44.0,25589657
2023-05-15,42.355445861816406,42.939998626708984,46.08000183105469,39.599998474121094,41.29999923706055,38601547
2023-05-16,46.577186584472656,47.220001220703125,47.220001220703125,43.20000076293945,43.20000076293945,50001377
2023-05-17,51.19347381591797,51.900001525878906,51.900001525878906,48.0,48.20000076293945,49127027
2023-05-18,48.13567352294922,48.79999923706055,52.400001525878906,47.619998931884766,52.0,54725499
2023-05-22,49.96049118041992,50.650001525878906,51.79999923706055,48.7400016784668,49.099998474121094,45137926
2023-05-23,50.30572509765625,51.0,53.0,49.900001525878906,51.900001525878906,39673690
2023-05-24,48.293495178222656,48.959999084472656,51.45000076293945,48.560001373291016,51.29999923706055,26542952
2023-05-25,49.220703125,49.900001525878906,51.20000076293945,49.060001373291016,49.20000076293945,32536257
2023-05-26,49.71389389038086,50.400001525878906,50.79999923706055,49.0,50.04999923706055,22926504
2023-05-29,52.37713623046875,53.099998474121094,54.20000076293945,51.29999923706055,52.0,37928817
2023-05-30,52.17986297607422,52.900001525878906,54.150001525878906,52.349998474121094,53.599998474121094,36095064
2023-05-31,51.78530502319336,52.5,54.099998474121094,51.79999923706055,52.900001525878906,36615535
2023-06-01,54.448551177978516,55.20000076293945,56.900001525878906,53.099998474121094,53.099998474121094,60063205
2023-06-02,54.497867584228516,55.25,56.45000076293945,54.45000076293945,56.0,31281192
2023-06-05,55.484256744384766,56.25,57.0,55.45000076293945,56.0,33291200
2023-06-06,53.26488494873047,54.0,56.5,53.79999923706055,56.349998474121094,23223134
2023-06-07,53.758079528808594,54.5,55.900001525878906,53.95000076293945,55.0,27586079
2023-06-08,52.77169418334961,53.5,54.75,53.20000076293945,54.400001525878906,20225489
2023-06-09,51.4893913269043,52.20000076293945,54.0,51.75,53.849998474121094,21280970
2023-06-12,53.11692810058594,53.849998474121094,54.900001525878906,51.849998474121094,52.5,44788314
2023-06-13,50.94688034057617,51.650001525878906,54.849998474121094,51.650001525878906,53.900001525878906,36908050
2023-06-14,51.78530502319336,52.5,53.650001525878906,50.849998474121094,51.79999923706055,41137422
2023-06-15,52.327816009521484,53.04999923706055,53.79999923706055,52.54999923706055,53.099998474121094,19737111
2023-06-16,53.26488494873047,54.0,54.0,52.0,53.349998474121094,47391975
2023-06-19,53.26488494873047,54.0,57.849998474121094,54.0,57.099998474121094,62271822
2023-06-20,51.04551696777344,51.75,54.150001525878906,51.349998474121094,53.95000076293945,24932587
2023-06-21,50.55232238769531,51.25,53.45000076293945,50.400001525878906,52.650001525878906,25350432
2023-06-22,52.13053894042969,52.849998474121094,53.400001525878906,50.650001525878906,51.29999923706055,25273464
2023-06-23,55.13902282714844,55.900001525878906,56.650001525878906,53.400001525878906,53.5,36565488
2023-06-26,59.62708282470703,60.45000076293945,61.400001525878906,56.099998474121094,56.349998474121094,57802939
2023-06-27,65.54539489746094,66.44999694824219,66.44999694824219,59.400001525878906,60.5,46961900
2023-07-03,67.66613006591797,68.5999984741211,71.4000015258789,67.44999694824219,67.8499984741211,84169927
2023-07-04,67.46885681152344,68.4000015258789,70.75,66.4000015258789,69.0,69235926
2023-07-05,69.83618927001953,70.80000305175781,70.8499984741211,68.19999694824219,69.05000305175781,49418039
2023-07-06,76.79020690917969,77.8499984741211,77.8499984741211,70.9000015258789,72.0,64149559
2023-07-07,80.53848266601562,81.6500015258789,84.75,77.5999984741211,79.0,105995202
2023-07-10,80.14392852783203,81.25,84.3499984741211,79.5,81.9000015258789,98591524
2023-07-11,79.00958251953125,80.0999984741211,82.9000015258789,79.4000015258789,81.94999694824219,76532778
2023-07-12,78.76298522949219,79.8499984741211,82.3499984741211,79.1500015258789,80.0999984741211,61267268
2023-07-13,82.11669921875,83.25,86.05000305175781,79.55000305175781,79.9000015258789,109257649
2023-07-14,80.3905258178711,81.5,84.69999694824219,81.5,84.0,46356791
2023-07-17,80.83439636230469,81.94999694824219,84.1500015258789,81.75,82.5,41355563
2023-07-18,76.79020690917969,77.8499984741211,82.6500015258789,77.8499984741211,82.30000305175781,42488615
2023-07-19,80.4398422241211,81.55000305175781,82.69999694824219,75.25,77.80000305175781,71882401
2023-07-20,88.47888946533203,89.69999694824219,89.69999694824219,82.80000305175781,83.44999694824219,94064551
2023-07-21,95.67951965332031,97.0,98.6500015258789,91.30000305175781,91.4000015258789,119149174
2023-07-24,105.24746704101562,106.69999694824219,106.69999694824219,102.0,102.5,18706899
2023-07-25,98.63867950439453,100.0,113.0999984741211,97.55000305175781,112.4000015258789,125915286
2023-07-26,101.59783935546875,103.0,106.5,93.9000015258789,100.30000305175781,103781423
2023-07-27,99.92098236083984,101.30000305175781,107.5,101.30000305175781,105.0,55565429
2023-07-28,99.92098236083984,101.30000305175781,105.5999984741211,98.80000305175781,101.69999694824219,56334146
2023-07-31,109.88349151611328,111.4000015258789,111.4000015258789,104.69999694824219,105.5,61122762
2023-08-01,111.56034088134766,113.0999984741211,120.5,106.9000015258789,111.4000015258789,107123228
2023-08-02,112.74401092529297,114.30000305175781,120.0999984741211,111.69999694824219,112.80000305175781,67998357
2023-08-03,111.65898132324219,113.19999694824219,118.80000305175781,112.5,114.5,69471113
2023-08-04,110.4753189086914,112.0,115.9000015258789,108.0999984741211,113.5,54131525
2023-08-07,105.83930206298828,107.30000305175781,114.5,107.30000305175781,113.0,34697871
2023-08-08,113.53311920166016,115.0999984741211,116.30000305175781,104.4000015258789,107.4000015258789,70232748
2023-08-09,115.50588989257812,117.0999984741211,125.0,114.5,115.80000305175781,93933106
2023-08-10,118.95824432373047,120.5999984741211,124.9000015258789,114.5,122.5,66903328
2023-08-11,127.53981018066406,129.3000030517578,129.60000610351562,119.30000305175781,120.69999694824219,74715936
2023-08-14,138.09414672851562,140.0,142.1999969482422,131.0,133.0,91652736
2023-08-15,137.50230407714844,139.39999389648438,145.0,134.6999969482422,139.10000610351562,83056887
2023-08-16,129.51258850097656,131.3000030517578,139.1999969482422,131.0,139.0,52250808
2023-08-17,132.6690216064453,134.5,137.6999969482422,127.69999694824219,130.0,48466814
2023-08-18,128.1316375732422,129.89999389648438,138.0,126.30000305175781,136.1999969482422,37142776
2023-08-21,133.06356811523438,134.89999389648438,135.6999969482422,127.0,128.89999389648438,41768533
2023-08-22,126.45478057861328,128.1999969482422,136.0,128.1999969482422,135.1999969482422,31113467
2023-08-23,118.76097106933594,120.4000015258789,133.6999969482422,120.4000015258789,128.1999969482422,62457251
2023-08-24,112.44808959960938,114.0,125.5999984741211,113.5999984741211,124.9000015258789,48655998
2023-08-25,123.69290161132812,125.4000015258789,125.4000015258789,111.19999694824219,118.0,54193925
2023-08-28,133.65541076660156,135.5,137.89999389648438,128.1999969482422,129.89999389648438,67592934
2023-08-29,134.3458709716797,136.1999969482422,140.39999389648438,133.5,138.6999969482422,48693514
2023-08-31,142.03970336914062,144.0,149.8000030517578,136.3000030517578,137.5,81435035
2023-09-01,139.86964416503906,141.8000030517578,146.0,139.3000030517578,144.3000030517578,54010679
2023-09-04,142.9274444580078,144.89999389648438,151.39999389648438,141.10000610351562,142.8000030517578,59157926
2023-09-05,141.94105529785156,143.89999389648438,146.5,141.6999969482422,144.89999389648438,44850653
2023-09-06,139.57373046875,141.5,147.1999969482422,140.89999389648438,145.8000030517578,28588090
2023-09-07,141.5465087890625,143.5,143.60000610351562,138.10000610351562,142.39999389648438,24801210
2023-09-08,141.94105529785156,143.89999389648438,149.8000030517578,139.5,143.5,37561777
2023-09-11,137.10775756835938,139.0,147.10000610351562,138.6999969482422,146.0,26893562
2023-09-12,138.6859893798828,140.60000610351562,143.89999389648438,138.39999389648438,139.0,40367256
2023-09-13,134.44451904296875,136.3000030517578,142.5,136.3000030517578,142.0,32151396
2023-09-14,137.50230407714844,139.39999389648438,139.39999389648438,129.39999389648438,136.3000030517578,30414416
2023-09-15,137.10775756835938,139.0,141.0,135.60000610351562,140.0,25728822
2023-09-18,129.2166748046875,131.0,139.3000030517578,131.0,138.6999969482422,19822512
2023-09-19,134.54315185546875,136.39999389648438,138.5,129.5,131.0,33533515
2023-09-20,130.1044158935547,131.89999389648438,139.3000030517578,131.8000030517578,136.1999969482422,23078884
2023-09-21,138.58734130859375,140.5,143.0,130.60000610351562,131.5,41629883
2023-09-22,137.50230407714844,139.39999389648438,146.0,138.6999969482422,140.60000610351562,54434736
2023-09-25,139.17918395996094,141.10000610351562,144.39999389648438,139.60000610351562,139.89999389648438,30063074
2023-09-26,134.6417999267578,136.5,141.60000610351562,136.10000610351562,141.39999389648438,23625034
2023-09-27,135.430908203125,137.3000030517578,139.89999389648438,135.8000030517578,136.6999969482422,25115971
2023-09-28,131.48536682128906,133.3000030517578,136.8000030517578,132.10000610351562,136.8000030517578,20967320
2023-09-29,131.48536682128906,133.3000030517578,137.10000610351562,132.8000030517578,133.60000610351562,29629175
2023-10-02,131.2880859375,133.10000610351562,135.60000610351562,132.5,134.10000610351562,19438496
2023-10-03,133.65541076660156,135.5,139.0,133.10000610351562,134.60000610351562,29137959
2023-10-04,130.89352416992188,132.6999969482422,135.8000030517578,132.1999969482422,135.60000610351562,18479770
2023-10-05,131.48536682128906,133.3000030517578,136.1999969482422,130.3000030517578,133.89999389648438,27889728
2023-10-06,129.2166748046875,131.0,133.10000610351562,128.89999389648438,132.1999969482422,14126347
2023-10-09,121.32557678222656,123.0,129.39999389648438,122.80000305175781,129.0,22226029
2023-10-10,127.243896484375,129.0,132.3000030517578,124.69999694824219,124.9000015258789,29546512
2023-10-11,123.29834747314453,125.0,129.39999389648438,124.19999694824219,129.10000610351562,17916965
2023-10-12,121.91740417480469,123.5999984741211,129.89999389648438,119.5999984741211,128.5,20736318
2023-10-13,117.77458190917969,119.4000015258789,123.80000305175781,119.0,123.0999984741211,19033654
2023-10-16,112.5467300415039,114.0999984741211,122.69999694824219,113.80000305175781,120.5999984741211,21920112
2023-10-17,120.33918762207031,122.0,125.5,112.4000015258789,114.30000305175781,29994436
2023-10-18,117.3800277709961,119.0,125.19999694824219,117.0999984741211,118.5,32791985
2023-10-19,114.81542205810547,116.4000015258789,121.5999984741211,115.5,119.19999694824219,16904008
2023-10-20,113.53311920166016,115.0999984741211,115.69999694824219,111.19999694824219,115.0,23720853
2023-10-23,116.49227905273438,118.0999984741211,124.30000305175781,114.30000305175781,119.0,26258462
2023-10-24,118.36640930175781,120.0,123.19999694824219,118.80000305175781,120.30000305175781,25093006
2023-10-25,108.50254821777344,110.0,120.80000305175781,110.0,119.80000305175781,18185448
2023-10-26,113.82903289794922,115.4000015258789,117.30000305175781,109.30000305175781,110.69999694824219,23927716
2023-10-27,125.1724853515625,126.9000015258789,126.9000015258789,114.0,115.5,40688972
2023-10-30,128.6248321533203,130.39999389648438,134.5,125.0999984741211,125.4000015258789,42765151
2023-10-31,123.79154205322266,125.5,132.0,125.30000305175781,130.60000610351562,29513566
2023-11-01,119.15552520751953,120.80000305175781,128.0,116.9000015258789,126.5,22685525
2023-11-02,115.90044403076172,117.5,122.80000305175781,117.19999694824219,122.0,16366725
2023-11-03,118.6623306274414,120.30000305175781,122.69999694824219,117.0999984741211,118.5999984741211,20133255
2023-11-06,120.6351089477539,122.30000305175781,126.4000015258789,121.19999694824219,122.0,21090229
2023-11-07,119.05687713623047,120.69999694824219,123.5999984741211,120.0,122.19999694824219,12467406
2023-11-08,118.36640930175781,120.0,122.69999694824219,119.5,122.30000305175781,12200854
2023-11-09,119.15552520751953,120.80000305175781,122.69999694824219,118.0,119.19999694824219,17514630
2023-11-10,118.85960388183594,120.5,122.5999984741211,119.30000305175781,121.0,15649042
2023-11-13,115.3086166381836,116.9000015258789,121.5,116.0,120.80000305175781,10447738
2023-11-14,113.53311920166016,115.0999984741211,117.4000015258789,113.69999694824219,117.0,13936526
2023-11-15,112.25081634521484,113.80000305175781,117.30000305175781,113.69999694824219,115.80000305175781,20268743
2023-11-16,115.80181121826172,117.4000015258789,119.4000015258789,113.9000015258789,114.0,20606852
2023-11-17,115.0126953125,116.5999984741211,117.80000305175781,115.5999984741211,117.0,9538270
2023-11-20,114.9140625,116.5,119.0,116.5,117.4000015258789,10070870
2023-11-21,115.90044403076172,117.5,120.5,116.80000305175781,117.5,21220505
2023-11-22,113.53311920166016,115.0999984741211,118.19999694824219,115.0999984741211,117.5,18570360
2023-11-23,112.44808959960938,114.0,118.5999984741211,114.0,115.5,21864810
2023-11-24,113.3358383178711,114.9000015258789,115.9000015258789,113.0999984741211,114.30000305175781,15551952
2023-11-27,113.3358383178711,114.9000015258789,117.0999984741211,114.69999694824219,116.0,12065700
2023-11-28,112.05353546142578,113.5999984741211,115.80000305175781,113.30000305175781,115.19999694824219,15202791
2023-11-29,108.50254821777344,110.0,114.30000305175781,109.30000305175781,114.0,17027167
2023-11-30,108.20662689208984,109.69999694824219,113.0999984741211,109.30000305175781,110.30000305175781,14030732
2023-12-01,108.50254821777344,110.0,111.69999694824219,107.4000015258789,110.80000305175781,12067287
2023-12-04,105.83930206298828,107.30000305175781,110.30000305175781,107.19999694824219,110.30000305175781,10862701
2023-12-05,105.93794250488281,107.4000015258789,110.5999984741211,106.9000015258789,107.5,25628306
2023-12-06,100.11825561523438,101.5,108.5,101.0999984741211,107.5,18199051
2023-12-07,104.95155334472656,106.4000015258789,107.5999984741211,99.0999984741211,101.5,27611753
2023-12-08,102.682861328125,104.0999984741211,108.9000015258789,104.0999984741211,108.30000305175781,14582872
2023-12-11,100.71009063720703,102.0999984741211,104.5999984741211,100.30000305175781,104.4000015258789,11904917
2023-12-12,100.6114501953125,102.0,104.4000015258789,101.0999984741211,102.0,15989661
2023-12-13,96.4686279296875,97.80000305175781,103.30000305175781,97.5999984741211,102.69999694824219,12807102
2023-12-14,96.66590118408203,98.0,99.4000015258789,96.3499984741211,98.75,13594855
2023-12-15,94.98905181884766,96.30000305175781,100.5999984741211,96.0,98.05000305175781,20686022
2023-12-18,91.63533020019531,92.9000015258789,95.94999694824219,92.5999984741211,95.9000015258789,9776125
2023-12-19,91.38873291015625,92.6500015258789,95.4000015258789,89.80000305175781,92.80000305175781,19242163
2023-12-20,91.38873291015625,92.6500015258789,95.30000305175781,91.5,92.6500015258789,14499495
2023-12-21,93.21354675292969,94.5,95.8499984741211,91.19999694824219,92.6500015258789,15701658
2023-12-22,89.26800537109375,90.5,99.0999984741211,90.0999984741211,94.75,18502742
2023-12-25,85.47041320800781,86.6500015258789,89.1500015258789,83.25,89.0,9074577
2023-12-26,86.6047592163086,87.80000305175781,90.80000305175781,84.75,87.19999694824219,15159519
2023-12-27,86.6047592163086,87.80000305175781,90.6500015258789,85.94999694824219,87.80000305175781,15659080
2023-12-28,92.32579803466797,93.5999984741211,94.5999984741211,87.55000305175781,87.75,23169859
2023-12-29,93.01627349853516,94.30000305175781,95.55000305175781,92.44999694824219,93.5999984741211,14490455
2024-01-02,102.2883071899414,103.69999694824219,103.69999694824219,94.5999984741211,94.8499984741211,30905923
2024-01-03,104.55699920654297,106.0,110.5999984741211,102.4000015258789,105.0,45493579
2024-01-04,103.96516418457031,105.4000015258789,107.30000305175781,103.0,106.19999694824219,15994646
2024-01-05,101.49919891357422,102.9000015258789,107.0999984741211,101.9000015258789,106.9000015258789,16168583
2024-01-08,100.5128173828125,101.9000015258789,106.0999984741211,101.80000305175781,103.19999694824219,14366000
2024-01-09,98.63867950439453,100.0,102.30000305175781,98.55000305175781,102.0,16338124
2024-01-10,99.62506103515625,101.0,103.19999694824219,100.19999694824219,100.30000305175781,15970385
2024-01-11,100.6114501953125,102.0,106.9000015258789,100.19999694824219,102.0,26396729
2024-01-12,99.52642822265625,100.9000015258789,103.0,99.5999984741211,101.5,13294313
2024-01-15,102.38694763183594,103.80000305175781,104.69999694824219,101.19999694824219,101.19999694824219,24067208
2024-01-16,101.0060043334961,102.4000015258789,104.80000305175781,101.9000015258789,103.80000305175781,11666540
2024-01-17,100.9073715209961,102.30000305175781,104.0,101.69999694824219,102.4000015258789,7735548
2024-01-18,108.89710235595703,110.4000015258789,112.5,102.0,103.19999694824219,61710886
2024-01-19,107.1216049194336,108.5999984741211,111.80000305175781,107.5999984741211,110.0,25662174
2024-01-22,109.1930160522461,110.69999694824219,111.5,107.5999984741211,108.5,17997341
2024-01-23,109.48892974853516,111.0,115.80000305175781,110.5,111.9000015258789,22853108
2024-01-24,109.88349151611328,111.4000015258789,115.0,109.30000305175781,111.69999694824219,25749618
2024-01-25,110.771240234375,112.30000305175781,113.69999694824219,111.80000305175781,112.0999984741211,15512213
2024-01-26,111.46170806884766,113.0,115.0,111.5999984741211,112.30000305175781,16054108
2024-01-29,116.19636535644531,117.80000305175781,119.80000305175781,113.4000015258789,113.5,24504726
2024-01-30,114.9140625,116.5,118.5,115.69999694824219,118.19999694824219,10196833
2024-01-31,116.29500579833984,117.9000015258789,118.5,115.0,116.5,15297556
2024-02-01,117.3800277709961,119.0,119.9000015258789,118.0999984741211,118.19999694824219,13448011
2024-02-02,122.31195831298828,124.0,128.8000030517578,121.5,122.0999984741211,34646789
2024-02-05,123.89017486572266,125.5999984741211,127.80000305175781,124.0,124.4000015258789,25402264
2024-02-06,122.8051528930664,124.5,126.5,123.9000015258789,126.0999984741211,14684853
2024-02-07,126.25750732421875,128.0,132.3000030517578,124.0999984741211,124.5999984741211,41485785
2024-02-08,124.48200988769531,126.19999694824219,129.8000030517578,126.0999984741211,128.39999389648438,17225108
2024-02-09,125.2711181640625,127.0,127.9000015258789,126.19999694824219,126.5,11518783
2024-02-12,124.8765640258789,126.5999984741211,129.5,125.80000305175781,128.6999969482422,11105097
2024-02-13,119.74735260009766,121.4000015258789,127.19999694824219,120.69999694824219,127.0,14660217
2024-02-14,119.5500717163086,121.19999694824219,122.9000015258789,118.30000305175781,121.4000015258789,14571691
2024-02-15,120.33918762207031,122.0,123.69999694824219,121.5999984741211,121.69999694824219,11390429
2024-02-16,119.4514389038086,121.0999984741211,122.80000305175781,120.30000305175781,122.4000015258789,11442375
2024-02-19,117.3800277709961,119.0,122.9000015258789,117.69999694824219,122.0,12758882
2024-02-20,122.8051528930664,124.5,127.0,117.80000305175781,119.5,29974818
2024-02-21,119.35279846191406,121.0,125.4000015258789,121.0,125.0,17447945
2024-02-22,121.62149047851562,123.30000305175781,124.19999694824219,120.5999984741211,121.5,15603960
2024-02-23,123.29834747314453,125.0,128.3000030517578,123.30000305175781,123.80000305175781,43088932
2024-02-26,129.2166748046875,131.0,134.6999969482422,127.0,127.80000305175781,41326498
2024-02-27,121.32557678222656,123.0,135.89999389648438,123.0,133.60000610351562,35383736
2024-02-28,119.5500717163086,121.19999694824219,128.10000610351562,121.0999984741211,123.0,24221238
2024-02-29,119.64871978759766,121.30000305175781,124.4000015258789,120.4000015258789,122.19999694824219,23049918
2024-03-01,119.84599304199219,121.5,122.69999694824219,120.0,121.69999694824219,14746260
2024-03-04,120.53646087646484,122.19999694824219,122.5,118.9000015258789,122.0,20627744
2024-03-05,113.03992462158203,114.5999984741211,122.5,114.5999984741211,122.19999694824219,21636630
2024-03-06,109.48892974853516,111.0,115.5999984741211,110.30000305175781,114.5999984741211,19172099
2024-03-07,114.42086791992188,116.0,119.0,111.5,111.5,21463397
2024-03-08,111.46170806884766,113.0,115.5,111.5,114.0999984741211,18639361
2024-03-11,109.58757019042969,111.0999984741211,115.30000305175781,111.0999984741211,114.9000015258789,10460229
2024-03-12,106.23385620117188,107.69999694824219,112.30000305175781,106.0999984741211,111.19999694824219,13166471
2024-03-13,104.55699920654297,106.0,110.30000305175781,106.0,108.0,27063977
2024-03-14,103.76788330078125,105.19999694824219,111.5999984741211,103.0999984741211,106.30000305175781,26483499
2024-03-15,100.01962280273438,101.4000015258789,102.80000305175781,99.0,102.0,32991718
2024-03-18,97.70161437988281,99.05000305175781,101.80000305175781,99.0,101.5999984741211,13610437
2024-03-19,95.63019561767578,96.94999694824219,100.30000305175781,96.0999984741211,99.0999984741211,30676677
2024-03-20,96.56726837158203,97.9000015258789,99.8499984741211,97.05000305175781,97.19999694824219,18928667
2024-03-21,96.02474975585938,97.3499984741211,100.0,96.5999984741211,98.30000305175781,24425315
2024-03-22,94.54517364501953,95.8499984741211,97.4000015258789,95.30000305175781,97.3499984741211,13433443
2024-03-25,94.7917709350586,96.0999984741211,97.80000305175781,94.69999694824219,95.5999984741211,17145321
2024-03-26,92.67103576660156,93.94999694824219,97.4000015258789,93.55000305175781,96.0999984741211,17079270
2024-03-27,92.62171936035156,93.9000015258789,95.5,93.1500015258789,93.94999694824219,10911603
2024-03-28,91.68464660644531,92.94999694824219,96.4000015258789,92.94999694824219,94.1500015258789,16526437
2024-03-29,94.64380645751953,95.94999694824219,97.19999694824219,93.19999694824219,93.19999694824219,17364379
2024-04-01,94.8904037475586,96.19999694824219,102.30000305175781,95.25,96.4000015258789,19547223
2024-04-02,90.79690551757812,92.05000305175781,97.6500015258789,91.8499984741211,96.5,9739486
2024-04-03,90.15575408935547,91.4000015258789,94.0999984741211,91.0999984741211,92.55000305175781,6865123
2024-04-04,88.7254867553711,89.94999694824219,92.6500015258789,89.69999694824219,91.6500015258789,8357082
2024-04-05,92.22716522216797,93.5,94.44999694824219,90.5,90.5,10603002
2024-04-08,97.94821166992188,99.30000305175781,100.19999694824219,94.0,94.5,19089374
2024-04-15,97.15909576416016,98.5,102.4000015258789,98.30000305175781,100.9000015258789,14195435
2024-04-16,94.49585723876953,95.80000305175781,97.44999694824219,95.19999694824219,97.0,10663544
2024-04-17,93.50946807861328,94.80000305175781,97.69999694824219,94.55000305175781,96.5999984741211,10742756
2024-04-18,93.46014404296875,94.75,96.0999984741211,94.0,95.0,6696794
2024-04-19,93.70674133300781,95.0,95.75,92.5999984741211,94.5999984741211,10693595
2024-04-22,93.80538177490234,95.0999984741211,98.0,95.0999984741211,95.69999694824219,13661075
2024-04-24,93.21354675292969,94.5,97.5999984741211,93.80000305175781,96.0,13668284
2024-04-25,92.8189926147461,94.0999984741211,95.6500015258789,93.75,94.5,9211558
2024-04-26,95.48224639892578,96.80000305175781,97.3499984741211,93.44999694824219,94.25,15374593
2024-04-29,94.7424545288086,96.05000305175781,98.19999694824219,95.44999694824219,97.69999694824219,11869366
2024-04-30,92.52307891845703,93.80000305175781,96.69999694824219,93.69999694824219,96.05000305175781,9661965
2024-05-02,98.9345932006836,100.30000305175781,103.0999984741211,97.05000305175781,98.0,39566947
2024-05-03,102.682861328125,104.0999984741211,106.30000305175781,99.44999694824219,100.80000305175781,30743711
2024-05-06,107.2202377319336,108.69999694824219,112.4000015258789,103.5,104.30000305175781,32063249
2024-05-07,108.99573516845703,110.5,112.0999984741211,108.0,110.4000015258789,23484081
2024-05-08,107.02296447753906,108.5,111.5999984741211,106.9000015258789,110.69999694824219,18571104
2024-05-09,107.1216049194336,108.5999984741211,110.30000305175781,107.80000305175781,109.0,13645803
2024-05-10,102.88014221191406,104.30000305175781,109.0,103.9000015258789,109.0,16130018
2024-05-13,101.89376068115234,103.30000305175781,106.0,102.19999694824219,104.5999984741211,14717986
2024-05-14,102.9787826538086,104.4000015258789,105.5,101.69999694824219,103.69999694824219,17484462
2024-05-15,99.92098236083984,101.30000305175781,104.9000015258789,101.30000305175781,104.5,9581694
2024-05-16,101.49919891357422,102.9000015258789,104.0,101.5,101.5999984741211,11161613
2024-05-17,103.57061004638672,105.0,106.19999694824219,103.5,103.80000305175781,13984719
2024-05-20,102.682861328125,104.0999984741211,106.80000305175781,103.80000305175781,105.19999694824219,11971045
2024-05-21,101.10464477539062,102.5,104.9000015258789,101.5999984741211,104.5,16206128
2024-05-22,103.76788330078125,105.19999694824219,107.80000305175781,105.19999694824219,105.4000015258789,25972967
2024-05-23,107.51615905761719,109.0,110.80000305175781,107.19999694824219,110.0,26499626
2024-05-24,105.83930206298828,107.30000305175781,109.19999694824219,106.19999694824219,109.0999984741211,15679667
2024-05-27,102.48558807373047,103.9000015258789,108.0999984741211,103.5999984741211,107.30000305175781,12277168
2024-05-28,101.40056610107422,102.80000305175781,104.9000015258789,102.30000305175781,103.9000015258789,10107107
2024-05-29,98.63867950439453,100.0,103.4000015258789,99.80000305175781,103.0999984741211,10340672
2024-05-30,97.84956359863281,99.19999694824219,100.80000305175781,98.75,100.30000305175781,13224441
2024-05-31,97.45501708984375,98.80000305175781,101.80000305175781,97.19999694824219,99.30000305175781,12983629
2024-06-03,97.15909576416016,98.5,100.30000305175781,97.55000305175781,99.94999694824219,14586292
2024-06-04,96.66590118408203,98.0,99.30000305175781,97.80000305175781,98.30000305175781,13796496
2024-06-05,98.58935546875,99.94999694824219,100.9000015258789,97.6500015258789,98.05000305175781,18742086
2024-06-06,97.50433349609375,98.8499984741211,102.4000015258789,98.3499984741211,99.94999694824219,13861038
2024-06-07,95.43292236328125,96.75,99.5,96.6500015258789,99.0,6875861
2024-06-10,93.90401458740234,95.19999694824219,97.0999984741211,94.4000015258789,96.69999694824219,10138666
2024-06-11,91.83261108398438,93.0999984741211,95.55000305175781,93.0999984741211,95.0,9278950
2024-06-12,90.7475814819336,92.0,94.44999694824219,90.80000305175781,92.9000015258789,13932133
2024-06-13,90.89554595947266,92.1500015258789,94.1500015258789,91.75,92.5999984741211,13224245
2024-06-14,92.7203598022461,94.0,94.5999984741211,92.19999694824219,92.69999694824219,13226856
2024-06-20,93.70674133300781,95.0,96.55000305175781,93.69999694824219,94.75,12900808
2024-06-21,101.59783935546875,103.0,104.5,94.30000305175781,95.19999694824219,33570210
2024-06-24,99.23050689697266,100.5999984741211,106.0,99.9000015258789,103.0,29976645
2024-06-25,102.38694763183594,103.80000305175781,104.5,99.19999694824219,100.4000015258789,22168432
2024-06-26,94.49585723876953,95.80000305175781,107.5999984741211,95.80000305175781,106.0,44546016
2024-06-27,93.70674133300781,95.0,98.44999694824219,94.05000305175781,95.44999694824219,18709451
2024-06-28,93.95333862304688,95.25,96.80000305175781,94.0,95.19999694824219,50684104
2024-07-01,89.9584732055664,91.19999694824219,95.9000015258789,89.8499984741211,95.4000015258789,10499701
2024-07-02,90.35302734375,91.5999984741211,92.05000305175781,89.5999984741211,91.0999984741211,6883249
2024-07-03,89.12004089355469,90.3499984741211,92.5,89.80000305175781,91.80000305175781,8497453
2024-07-04,90.15575408935547,91.4000015258789,91.9000015258789,90.19999694824219,90.3499984741211,9814197
2024-07-05,89.85983276367188,91.0999984741211,92.30000305175781,90.4000015258789,91.5,7645707
2024-07-08,90.40235137939453,91.6500015258789,92.05000305175781,90.55000305175781,91.30000305175781,8318934
2024-07-09,90.79690551757812,92.05000305175781,94.0,91.5,91.6500015258789,11247725
2024-07-10,90.10643005371094,91.3499984741211,93.4000015258789,90.80000305175781,92.80000305175781,8933042
2024-07-11,92.7696762084961,94.05000305175781,95.69999694824219,91.19999694824219,91.6500015258789,20096377
2024-07-12,93.21354675292969,94.5,94.5,93.05000305175781,94.0999984741211,10663641
2024-07-16,92.12852478027344,93.4000015258789,94.94999694824219,93.25,94.5,6773750
2024-07-17,92.3751220703125,93.6500015258789,94.6500015258789,93.0,93.4000015258789,7589937
2024-07-18,93.21354675292969,94.5,95.5,93.80000305175781,93.8499984741211,11824761
2024-07-19,94.7917709350586,96.0999984741211,97.25,93.0999984741211,94.5,17682788
2024-07-22,93.65742492675781,94.94999694824219,96.94999694824219,94.4000015258789,96.4000015258789,11101578
2024-07-23,94.10130310058594,95.4000015258789,96.6500015258789,94.0,94.69999694824219,16570739
2024-07-24,94.69313049316406,96.0,98.6500015258789,94.8499984741211,95.19999694824219,22569344
2024-07-25,96.5179443359375,97.8499984741211,99.55000305175781,95.55000305175781,96.0,16843341
2024-07-26,96.96182250976562,98.30000305175781,99.69999694824219,97.05000305175781,97.75,12391897
2024-07-29,97.70161437988281,99.05000305175781,102.0,96.0,97.94999694824219,18838740
2024-07-30,95.67951965332031,97.0,101.80000305175781,97.0,99.1500015258789,16569676
2024-07-31,92.8499984741211,92.8499984741211,96.4000015258789,91.9000015258789,95.94999694824219,13197113
2024-08-01,94.0999984741211,94.0999984741211,95.4000015258789,93.4000015258789,93.5,12546105
2024-08-02,91.4000015258789,91.4000015258789,93.3499984741211,90.80000305175781,92.69999694824219,9163223
2024-08-05,85.0,85.0,88.1500015258789,82.80000305175781,84.1500015258789,18514202
2024-08-06,84.0,84.0,88.55000305175781,83.44999694824219,87.0,12438455
2024-08-07,83.5999984741211,83.5999984741211,84.5,82.44999694824219,84.4000015258789,10821189
2024-08-08,83.69999694824219,83.69999694824219,85.19999694824219,83.0999984741211,83.69999694824219,10322115
2024-08-09,80.25,80.25,84.6500015258789,80.19999694824219,84.0,10756487
2024-08-12,76.94999694824219,76.94999694824219,80.6500015258789,76.4000015258789,80.4000015258789,16061469
2024-08-13,75.1500015258789,75.1500015258789,77.55000305175781,73.69999694824219,76.94999694824219,17455116
2024-08-14,74.0,74.0,77.0999984741211,73.94999694824219,75.44999694824219,14376475
2024-08-15,74.80000305175781,74.80000305175781,75.05000305175781,72.8499984741211,74.05000305175781,15464259
2024-08-16,73.30000305175781,73.30000305175781,75.6500015258789,73.0999984741211,75.30000305175781,15241261
2024-08-19,76.4000015258789,76.4000015258789,77.8499984741211,72.3499984741211,73.3499984741211,27801762
2024-08-20,76.3499984741211,76.3499984741211,78.0,75.19999694824219,76.30000305175781,16384081
2024-08-21,74.75,74.75,77.0999984741211,74.5,76.05000305175781,8608621
2024-08-22,74.19999694824219,74.19999694824219,76.19999694824219,74.0999984741211,75.19999694824219,8196865
2024-08-23,72.19999694824219,72.19999694824219,74.6500015258789,72.19999694824219,74.25,9959084
2024-08-26,71.0999984741211,71.0999984741211,73.30000305175781,70.9000015258789,72.5999984741211,11145835
2024-08-27,74.94999694824219,74.94999694824219,76.0,72.44999694824219,73.0,29658846
2024-08-28,74.05000305175781,74.05000305175781,76.4000015258789,73.1500015258789,75.0,15463759
2024-08-29,75.5,75.5,75.5,73.19999694824219,74.1500015258789,14796275
2024-09-02,78.0,78.0,78.0,75.5999984741211,75.5999984741211,16807241
2024-09-03,79.30000305175781,79.30000305175781,81.80000305175781,78.0,78.0,22291684
2024-09-04,77.3499984741211,77.3499984741211,78.6500015258789,76.75,78.0999984741211,11048219
2024-09-05,78.80000305175781,78.80000305175781,79.75,76.5,77.55000305175781,19290245
2024-09-06,82.30000305175781,82.30000305175781,83.9000015258789,78.1500015258789,79.0,31699085
2024-09-09,83.5,83.5,85.5,81.3499984741211,82.1500015258789,23495195
2024-09-10,80.1500015258789,80.1500015258789,83.9000015258789,79.80000305175781,83.4000015258789,15007528
2024-09-11,79.8499984741211,79.8499984741211,80.5999984741211,78.94999694824219,79.94999694824219,17167255
2024-09-12,78.30000305175781,78.30000305175781,80.8499984741211,76.80000305175781,80.05000305175781,12515196
2024-09-13,79.1500015258789,79.1500015258789,79.1500015258789,77.30000305175781,78.3499984741211,9202251
2024-09-16,78.19999694824219,78.19999694824219,80.3499984741211,78.05000305175781,79.1500015258789,8438954
2024-09-17,80.19999694824219,80.19999694824219,81.0,77.94999694824219,78.44999694824219,10137511
2024-09-18,81.1500015258789,81.1500015258789,81.4000015258789,79.44999694824219,80.19999694824219,9905742
2024-09-19,81.75,81.75,82.0999984741211,81.0,81.55000305175781,10359096
2024-09-20,83.44999694824219,83.44999694824219,83.44999694824219,81.4000015258789,81.8499984741211,13434516
2024-09-23,81.5999984741211,81.5999984741211,84.25,81.44999694824219,83.6500015258789,7601167
2024-09-24,80.9000015258789,80.9000015258789,82.0,79.80000305175781,81.6500015258789,9137754
2024-09-25,80.0,80.0,82.8499984741211,80.0,80.8499984741211,12269710
2024-09-26,77.19999694824219,77.19999694824219,80.94999694824219,77.19999694824219,80.25,10597947
2024-09-27,78.05000305175781,78.05000305175781,79.25,76.69999694824219,77.19999694824219,10007226
2024-09-30,77.94999694824219,77.94999694824219,79.3499984741211,77.1500015258789,78.0,8118353
2024-10-01,73.6500015258789,73.6500015258789,78.30000305175781,72.9000015258789,78.0,9262562
2024-10-02,71.1500015258789,71.1500015258789,73.94999694824219,71.1500015258789,73.30000305175781,6792852
2024-10-03,71.1500015258789,71.1500015258789,73.25,70.80000305175781,71.19999694824219,8631502
2024-10-04,71.75,71.75,72.1500015258789,70.0,71.94999694824219,8601875
2024-10-07,71.6500015258789,71.6500015258789,73.5,70.80000305175781,72.0,10133007
2024-10-08,70.69999694824219,70.69999694824219,72.1500015258789,70.4000015258789,71.5,7002342
2024-10-09,69.75,69.75,70.94999694824219,68.30000305175781,70.69999694824219,10175966
2024-10-10,68.94999694824219,68.94999694824219,71.75,68.5999984741211,69.8499984741211,9525508
2024-10-11,66.80000305175781,66.80000305175781,69.25,66.75,68.94999694824219,7028521
2024-10-14,65.25,65.25,67.3499984741211,65.25,66.80000305175781,6898054
2024-10-15,67.5999984741211,67.5999984741211,68.0,65.1500015258789,65.25,9584532
2024-10-16,69.5999984741211,69.5999984741211,69.5999984741211,66.6500015258789,67.0,8322440
2024-10-17,69.44999694824219,69.44999694824219,69.8499984741211,68.55000305175781,69.1500015258789,6460074
2024-10-18,67.8499984741211,67.8499984741211,70.75,67.55000305175781,69.30000305175781,6528891
2024-10-21,67.5999984741211,67.5999984741211,68.55000305175781,67.30000305175781,67.9000015258789,5419830
2024-10-22,71.4000015258789,71.4000015258789,73.5,67.5999984741211,67.5999984741211,36006468
2024-10-23,72.75,72.75,74.9000015258789,70.75,71.5,24550957
2024-10-24,73.55000305175781,73.55000305175781,74.94999694824219,73.30000305175781,73.30000305175781,11961931
2024-10-25,77.4000015258789,77.4000015258789,77.94999694824219,73.30000305175781,73.69999694824219,14286201
2024-10-28,79.5999984741211,79.5999984741211,80.80000305175781,76.5,77.0,8731652
2024-10-30,79.19999694824219,79.19999694824219,81.4000015258789,78.94999694824219,79.6500015258789,13251495
2024-10-31,78.0,78.0,81.3499984741211,77.25,79.94999694824219,15043561
2024-11-01,81.0999984741211,81.0999984741211,82.6500015258789,77.8499984741211,78.3499984741211,21603586
2024-11-04,81.5,81.5,82.0,78.8499984741211,80.69999694824219,18256285
2024-11-05,81.25,81.25,82.1500015258789,79.6500015258789,81.8499984741211,10048449
2024-11-06,87.5,87.5,89.3499984741211,81.55000305175781,81.5999984741211,37769460
2024-11-07,88.75,88.75,91.94999694824219,86.5999984741211,87.5,29327616
2024-11-08,91.5,91.5,92.4000015258789,88.19999694824219,88.80000305175781,20976117
2024-11-11,93.05000305175781,93.05000305175781,95.4000015258789,91.30000305175781,91.4000015258789,21012693
2024-11-12,91.6500015258789,91.6500015258789,92.94999694824219,90.55000305175781,92.55000305175781,10848641
2024-11-13,92.5999984741211,92.5999984741211,93.1500015258789,89.94999694824219,91.30000305175781,13810909
2024-11-14,97.1500015258789,97.1500015258789,97.25,92.8499984741211,92.9000015258789,19612479
2024-11-15,94.9000015258789,94.9000015258789,97.69999694824219,94.5999984741211,97.30000305175781,12907283
2024-11-18,94.5999984741211,94.5999984741211,96.75,93.55000305175781,95.19999694824219,11364815
2024-11-19,95.55000305175781,95.55000305175781,96.4000015258789,92.44999694824219,94.80000305175781,14110351
2024-11-20,95.6500015258789,95.6500015258789,97.3499984741211,94.5999984741211,96.0,14128343
2024-11-21,97.75,97.75,98.4000015258789,94.80000305175781,96.0,14413555
2024-11-22,96.55000305175781,96.55000305175781,98.55000305175781,95.30000305175781,97.75,10492575
2024-11-25,98.6500015258789,98.6500015258789,99.4000015258789,95.8499984741211,98.5,18172965
2024-11-26,99.8499984741211,99.8499984741211,101.80000305175781,98.6500015258789,99.5,13617583
2024-11-27,95.30000305175781,95.30000305175781,100.9000015258789,95.30000305175781,100.4000015258789,10273907
2024-11-28,91.5999984741211,91.5999984741211,94.80000305175781,91.5999984741211,94.5,11318352
2024-11-29,94.69999694824219,94.69999694824219,95.55000305175781,91.55000305175781,91.5999984741211,13479595
2024-12-02,93.5999984741211,93.5999984741211,94.5,92.4000015258789,94.0,7035825
2024-12-03,94.5999984741211,94.5999984741211,97.0999984741211,92.5999984741211,93.6500015258789,11845250
2024-12-04,93.9000015258789,93.9000015258789,95.55000305175781,93.8499984741211,94.94999694824219,6602326
2024-12-05,92.5,92.5,94.3499984741211,91.94999694824219,93.94999694824219,9299219
2024-12-06,92.9000015258789,92.9000015258789,93.69999694824219,92.30000305175781,93.05000305175781,6610116
2024-12-09,101.0999984741211,101.0999984741211,102.0,93.5999984741211,93.5999984741211,26744072
2024-12-10,100.69999694824219,100.69999694824219,102.30000305175781,98.5,101.0999984741211,15019334
